page,supporting_local_section,supporting_h2,new_internal_links,html_img_tags,note
about.html,yes,A Patient-Centered Health and Wellness Clinic in Chicago Heights,3,0,Image alt text is injected by shared JS/assets not included in supplied ZIP.
accessibility.html,no,,0,0,Image alt text is injected by shared JS/assets not included in supplied ZIP.
acute-care.html,yes,Acute Care for Non-Emergency Health Concerns in Chicago Heights,3,0,Image alt text is injected by shared JS/assets not included in supplied ZIP.
admin-dashboard.html,no,,0,0,Image alt text is injected by shared JS/assets not included in supplied ZIP.
blog.html,yes,Health and Wellness Information from Our Chicago Heights Clinic,3,0,Image alt text is injected by shared JS/assets not included in supplied ZIP.
contact.html,yes,Visit ReNew You Health & Wellness in Chicago Heights,4,0,Image alt text is injected by shared JS/assets not included in supplied ZIP.
cookie-policy.html,no,,0,0,Image alt text is injected by shared JS/assets not included in supplied ZIP.
dot-appointment.html,yes,Schedule DOT Testing in Chicago Heights,3,0,Image alt text is injected by shared JS/assets not included in supplied ZIP.
dot-corporate.html,yes,Corporate DOT Testing Programs in Chicago Heights,3,0,Image alt text is injected by shared JS/assets not included in supplied ZIP.
dot-drivers.html,yes,DOT Services for Commercial Drivers in Chicago Heights,4,0,Image alt text is injected by shared JS/assets not included in supplied ZIP.
dot-drug-tests.html,yes,DOT Drug and Alcohol Testing in Chicago Heights,4,0,Image alt text is injected by shared JS/assets not included in supplied ZIP.
dot-employers.html,yes,DOT Compliance Support for Employers in Chicago Heights,4,0,Image alt text is injected by shared JS/assets not included in supplied ZIP.
dot-physicals.html,yes,DOT Physicals and CDL Medical Exams in Chicago Heights,3,0,Image alt text is injected by shared JS/assets not included in supplied ZIP.
good-faith-estimate.html,no,,0,0,Image alt text is injected by shared JS/assets not included in supplied ZIP.
hipaa-notice.html,no,,0,0,Image alt text is injected by shared JS/assets not included in supplied ZIP.
index.html,yes,"Healthcare and Wellness Services in Chicago Heights, Illinois",9,0,Image alt text is injected by shared JS/assets not included in supplied ZIP.
insurance.html,yes,Insurance and Self-Pay Options in Chicago Heights,3,0,Image alt text is injected by shared JS/assets not included in supplied ZIP.
iv-therapy.html,yes,IV Hydration and Wellness Support in Chicago Heights,3,0,Image alt text is injected by shared JS/assets not included in supplied ZIP.
medical-disclaimer.html,no,,0,0,Image alt text is injected by shared JS/assets not included in supplied ZIP.
medical-records.html,yes,Medical Records and Patient Privacy in Chicago Heights,3,0,Image alt text is injected by shared JS/assets not included in supplied ZIP.
patient-rights.html,no,,0,0,Image alt text is injected by shared JS/assets not included in supplied ZIP.
patients.html,yes,Patient Resources for Your Chicago Heights Clinic Visit,4,0,Image alt text is injected by shared JS/assets not included in supplied ZIP.
payment-plans.html,yes,Healthcare Payment Options for ReNew You Patients,3,0,Image alt text is injected by shared JS/assets not included in supplied ZIP.
privacy-policy.html,no,,0,0,Image alt text is injected by shared JS/assets not included in supplied ZIP.
services.html,yes,Medical and Wellness Services for Chicago Heights Patients,7,0,Image alt text is injected by shared JS/assets not included in supplied ZIP.
sms-terms.html,no,,0,0,Image alt text is injected by shared JS/assets not included in supplied ZIP.
terms-of-service.html,no,,0,0,Image alt text is injected by shared JS/assets not included in supplied ZIP.
weight-management.html,yes,Medical Weight Management in Chicago Heights,3,0,Image alt text is injected by shared JS/assets not included in supplied ZIP.
wellness.html,yes,Wellness and Vitamin Injection Services in Chicago Heights,3,0,Image alt text is injected by shared JS/assets not included in supplied ZIP.
