Page,Robots,SEO Title,Title Length,Meta Description,Description Length,Static H1 Count,Canonical URL
index.html,index,"Primary Care & Wellness in Chicago Heights, IL | ReNew You",58,"ReNew You Health & Wellness provides acute care, IV therapy, medical weight management, wellness injections and DOT services in Chicago Heights, Illinois.",154,0,https://renewyouhealthwellness.com/
about.html,index,"About ReNew You Health & Wellness | Chicago Heights, IL",55,"Learn about ReNew You Health & Wellness, our patient-centered approach and commitment to accessible health and wellness care in Chicago Heights, Illinois.",154,0,https://renewyouhealthwellness.com/about.html
accessibility.html,index,Accessibility Statement | ReNew You Health & Wellness,53,Read the ReNew You Health & Wellness accessibility statement and learn about our commitment to providing an accessible website experience for all visitors.,155,1,https://renewyouhealthwellness.com/accessibility.html
acute-care.html,index,"Acute Care in Chicago Heights, IL | Same-Day Evaluations",56,"Get timely evaluation and care for non-emergency illnesses and health concerns at ReNew You Health & Wellness in Chicago Heights, Illinois.",139,0,https://renewyouhealthwellness.com/acute-care.html
admin-dashboard.html,noindex,Clinic Registry Console | ReNew You Health & Wellness,53,Secure administrative dashboard for authorized ReNew You Health & Wellness personnel.,85,0,https://renewyouhealthwellness.com/admin-dashboard.html
blog.html,index,Health & Wellness Blog | ReNew You Health & Wellness,52,"Explore health, wellness, prevention and patient education articles from ReNew You Health & Wellness in Chicago Heights, Illinois.",130,0,https://renewyouhealthwellness.com/blog.html
contact.html,index,"Contact ReNew You Health & Wellness | Chicago Heights, IL",57,"Contact ReNew You Health & Wellness at 500 Ashland Ave., Suite 101 in Chicago Heights, IL, or call 708-329-2155 for questions and appointments.",143,1,https://renewyouhealthwellness.com/contact.html
cookie-policy.html,index,Cookie Policy | ReNew You Health & Wellness,43,"Review the ReNew You Health & Wellness cookie policy for information about cookies, tracking technologies and choices available to website visitors.",148,1,https://renewyouhealthwellness.com/cookie-policy.html
dot-appointment.html,index,"Schedule a DOT Exam or Drug Test | Chicago Heights, IL",54,"Schedule DOT compliance services with ReNew You Health & Wellness in Chicago Heights, including DOT physical exams and drug testing.",132,0,https://renewyouhealthwellness.com/dot-appointment.html
dot-corporate.html,index,"Corporate DOT Compliance Programs | Chicago Heights, IL",55,"Support your fleet with corporate DOT compliance services, physical exams and drug testing from ReNew You Health & Wellness in Chicago Heights, Illinois.",153,0,https://renewyouhealthwellness.com/dot-corporate.html
dot-drivers.html,index,"DOT Testing for Commercial Drivers | Chicago Heights, IL",56,"Commercial drivers can access DOT physicals and compliance testing at ReNew You Health & Wellness in Chicago Heights, Illinois.",127,0,https://renewyouhealthwellness.com/dot-drivers.html
dot-drug-tests.html,index,"DOT Drug Testing in Chicago Heights, IL | ReNew You",51,"Schedule DOT drug testing and compliance services for drivers and employers at ReNew You Health & Wellness in Chicago Heights, Illinois.",136,0,https://renewyouhealthwellness.com/dot-drug-tests.html
dot-employers.html,index,"DOT Testing for Employers | Chicago Heights, IL",47,"ReNew You Health & Wellness helps employers manage DOT testing and compliance needs for commercial drivers and workforce programs in Chicago Heights, IL.",153,0,https://renewyouhealthwellness.com/dot-employers.html
dot-physicals.html,index,"DOT Physicals in Chicago Heights, IL | CDL Medical Exams",56,"Get a DOT physical and CDL medical exam at ReNew You Health & Wellness in Chicago Heights, Illinois. Convenient care for commercial drivers.",140,0,https://renewyouhealthwellness.com/dot-physicals.html
good-faith-estimate.html,index,Good Faith Estimate Policy | ReNew You Health & Wellness,56,Read the ReNew You Health & Wellness Good Faith Estimate policy and learn about cost estimates for eligible self-pay or uninsured healthcare services.,150,1,https://renewyouhealthwellness.com/good-faith-estimate.html
hipaa-notice.html,index,HIPAA Notice of Privacy Practices | ReNew You Health & Wellness,63,"Review the ReNew You Health & Wellness HIPAA Notice of Privacy Practices, including how protected health information may be used and disclosed.",143,1,https://renewyouhealthwellness.com/hipaa-notice.html
insurance.html,index,Insurance & Benefits Verification | ReNew You Health & Wellness,63,Learn about insurance and benefits verification at ReNew You Health & Wellness and contact our Chicago Heights clinic with coverage questions.,142,0,https://renewyouhealthwellness.com/insurance.html
iv-therapy.html,index,"IV Therapy & Hydration in Chicago Heights, IL | ReNew You",57,"Explore IV hydration and infusion services at ReNew You Health & Wellness in Chicago Heights, Illinois, with care tailored to your wellness goals.",146,0,https://renewyouhealthwellness.com/iv-therapy.html
medical-disclaimer.html,index,Medical Disclaimer | ReNew You Health & Wellness,48,"Read the ReNew You Health & Wellness medical disclaimer regarding website information, medical advice, emergencies and use of online content.",141,1,https://renewyouhealthwellness.com/medical-disclaimer.html
medical-records.html,index,Medical Records Policy | ReNew You Health & Wellness,52,"Learn how ReNew You Health & Wellness handles medical records, patient requests, confidentiality and access to protected health information.",140,1,https://renewyouhealthwellness.com/medical-records.html
patient-rights.html,index,Patient Rights Policy | ReNew You Health & Wellness,51,"Review patient rights and responsibilities at ReNew You Health & Wellness, including privacy, respectful care, communication and access to information.",151,1,https://renewyouhealthwellness.com/patient-rights.html
patients.html,index,Patient Information | ReNew You Health & Wellness,49,"Find patient information for ReNew You Health & Wellness, including billing, payments, insurance, records and resources for your visit.",135,0,https://renewyouhealthwellness.com/patients.html
payment-plans.html,index,Payment Plans & Healthcare Financing | ReNew You Health & Wellness,66,"Explore payment plan information and flexible ways to manage eligible healthcare costs at ReNew You Health & Wellness in Chicago Heights, Illinois.",147,0,https://renewyouhealthwellness.com/payment-plans.html
privacy-policy.html,index,Privacy Policy | ReNew You Health & Wellness,44,"Read the ReNew You Health & Wellness website privacy policy to learn how personal information is collected, used, protected and managed.",136,1,https://renewyouhealthwellness.com/privacy-policy.html
services.html,index,"Health & Wellness Services in Chicago Heights, IL | ReNew You",61,"Explore acute care, IV therapy, medical weight management, wellness injections, DOT physicals and testing at ReNew You Health & Wellness.",137,0,https://renewyouhealthwellness.com/services.html
sms-terms.html,index,SMS Terms & Conditions | ReNew You Health & Wellness,52,"Review the ReNew You Health & Wellness SMS terms and conditions, including consent, message frequency, carrier charges and opt-out information.",143,1,https://renewyouhealthwellness.com/sms-terms.html
terms-of-service.html,index,Terms of Service | ReNew You Health & Wellness,46,"Review the terms governing use of the ReNew You Health & Wellness website, online services, content and related digital features.",129,1,https://renewyouhealthwellness.com/terms-of-service.html
weight-management.html,index,"Medical Weight Management in Chicago Heights, IL | ReNew You",60,"Explore medically guided weight management at ReNew You Health & Wellness in Chicago Heights, Illinois, with personalized support for your health goals.",152,0,https://renewyouhealthwellness.com/weight-management.html
wellness.html,index,"Wellness & Vitamin Injections in Chicago Heights, IL | ReNew You",64,"Explore targeted vitamin and nutrient injection services at ReNew You Health & Wellness in Chicago Heights, Illinois.",117,0,https://renewyouhealthwellness.com/wellness.html
